{"cameraMode":{"drawMode":0,"name":"Shaded","section":"Shading Mode"},"sceneLighting":true,"audioPlay":false,"sceneViewState":{"showFog":false,"showMaterialUpdate":false,"showSkybox":false,"showFlares":false,"showImageEffects":false,"showParticleSystems":false,"showVisualEffectGraphs":true,"m_FxEnabled":true},"in2DMode":false,"pivot":{"x":332.5929260253906,"y":314.27252197265627,"z":95.741455078125},"rotation":{"x":0.008999603800475598,"y":-0.005397627595812082,"z":0.00004874787919106893,"w":0.9999411106109619},"size":683.8750610351563,"orthographic":false}